FM/2020/00007,False
FM/2020/00006,2020-01-24 12:34:44.230802
FP/2020/00029,False
FP/2020/00031,False
FM/2020/00061,2020-01-24 12:23:18.224688
06017P50000496,False
FP/2020/02870,False
FM/2020/00178,False
06017P50000497,2020-02-19 09:21:02.344958
FI/2020/00083,False
FI/2020/00084,False
FP/2020/02876,False
FI/2020/00082,False
FI/2020/00085,False
FY/2020/00123,False
FP/2020/02878,False
FP/2020/02874,False
FP/2020/02875,False
A/2020/00005,False
A/2020/00006,False
FP/2020/02879,False
FY/2020/00124,False
FP/2020/02880,False
A/2020/00004,False
FP/2020/02883,False
FY/2020/00125,False
FP/2020/02884,False
FP/2020/02882,False
FP/2020/02885,False
FP/2020/02881,False
A/2020/00007,False
FM/2020/00183,False
FM/2020/00182,False
FP/2020/02886,False
FP/2020/02901,False
FM/2020/00185,False
FP/2020/02902,False
06017P50000498,False
A/2020/00008,False
A/2020/00009,False
FP/2020/02890,2020-03-16 17:21:51.433371
FP/2020/02889,False
FP/2020/02888,False
FP/2020/02887,False
FP/2020/02891,False
FP/2020/02892,False
FP/2020/02893,False
FP/2020/02894,False
FM/2020/00184,False
FP/2020/02895,False
FP/2020/02896,False
FI/2020/00086,False
FP/2020/02904,False
FP/2020/02905,False
FP/2020/02906,False
FP/2020/02907,False
FM/2020/00186,False
FP/2020/02963,False
FP/2020/02978,False
FY/2020/00127,False
FP/2020/02911,False
FP/2020/02964,False
FP/2020/02908,False
FP/2020/02912,False
FP/2020/02968,False
FP/2020/02930,False
FP/2020/02939,False
FP/2020/02966,False
FP/2020/02909,False
FP/2020/02910,False
FM/2020/00189,False
FP/2020/02954,False
FP/2020/02958,False
FP/2020/02976,False
FP/2020/02972,False
FP/2020/02913,False
FP/2020/02962,False
FM/2020/00188,False
FP/2020/02967,False
A/2020/00010,False
FP/2020/02926,False
FP/2020/02914,False
FP/2020/02936,False
FP/2020/02927,False
FP/2020/02969,False
FP/2020/02946,False
FP/2020/02924,False
FP/2020/02932,False
FP/2020/02933,False
FY/2020/00126,False
FP/2020/02938,False
FP/2020/02965,False
FP/2020/02943,False
FP/2020/02953,False
FP/2020/02971,False
FP/2020/02970,False
FP/2020/02923,False
FP/2020/02949,False
FP/2020/02945,False
FP/2020/02944,False
FP/2020/02950,False
FP/2020/02934,False
FP/2020/02941,False
FP/2020/02956,False
FP/2020/02940,False
FP/2020/02937,False
FP/2020/02974,False
FP/2020/02947,False
FP/2020/02961,False
FP/2020/02935,False
FP/2020/02931,False
FP/2020/02925,False
FP/2020/02942,False
FP/2020/02952,False
FP/2020/02959,False
FP/2020/02951,False
FP/2020/02922,False
FP/2020/02977,False
FP/2020/02975,False
FM/2020/00187,False
FP/2020/02973,False
FP/2020/02917,False
FP/2020/02960,False
FP/2020/02955,False
FP/2020/02921,False
FP/2020/02948,False
FP/2020/02928,False
FP/2020/02929,False
FP/2020/02957,False
FM/2020/00190,False
FI/2020/00087,False
FP/2020/03551,False
FP/2020/03539,False
FM/2020/00215,False
FI/2020/00107,False
FP/2020/02980,False
FM/2020/00212,2020-03-09 08:45:10.676508
FM/2020/00214,False
FM/2020/00230,False
FP/2020/03547,False
FP/2020/03541,False
FM/2020/00226,False
FM/2020/00222,False
FP/2020/03546,False
FP/2020/03165,False
FP/2020/03533,False
FP/2020/02982,False
FP/2020/03171,False
FP/2020/03170,False
FP/2020/03167,False
FP/2020/03166,False
FP/2020/03164,False
FY/2020/00132,False
FY/2020/00136,False
FP/2020/02981,False
FP/2020/02989,False
FP/2020/02990,False
FP/2020/02991,False
FP/2020/02997,False
FP/2020/02998,False
FP/2020/03154,False
FP/2020/03155,False
FM/2020/00192,False
FP/2020/03162,False
FP/2020/03532,False
FP/2020/03535,False
FP/2020/03536,False
FP/2020/03553,False
FP/2020/03544,False
FP/2020/03563,False
FM/2020/00217,False
FM/2020/00204,False
FP/2020/02996,False
FY/2020/00144,False
FY/2020/00135,False
FY/2020/00134,False
FM/2020/00201,False
FM/2020/00197,False
FP/2020/02987,False
FP/2020/03156,False
FP/2020/02994,False
FY/2020/00147,False
FY/2020/00137,False
FM/2020/00207,False
FP/2020/03159,False
FP/2020/03161,False
FP/2020/03160,2020-03-31 12:54:33.342478
FM/2020/00216,False
FP/2020/03552,False
FP/2020/03538,False
FP/2020/03554,False
FP/2020/03555,False
FP/2020/03556,False
FP/2020/03557,False
FM/2020/00223,False
FM/2020/00221,False
FI/2020/00102,False
FI/2020/00091,False
FI/2020/00108,False
FI/2020/00092,False
FM/2020/00206,False
FP/2020/03176,False
FP/2020/02983,False
FP/2020/03175,False
FY/2020/00153,False
FI/2020/00093,False
FY/2020/00152,False
FI/2020/00095,False
FI/2020/00096,False
FY/2020/00131,False
FP/2020/03163,False
FI/2020/00097,False
FI/2020/00089,False
FP/2020/03568,False
FM/2020/00211,False
FI/2020/00104,False
FI/2020/00106,False
FP/2020/03178,False
FM/2020/00210,False
FM/2020/00225,False
FM/2020/00228,False
FM/2020/00229,False
FP/2020/03543,False
FP/2020/03549,False
FP/2020/03565,False
FM/2020/00202,False
FM/2020/00203,False
FP/2020/03157,False
FP/2020/03548,False
FI/2020/00098,False
FP/2020/03174,False
FY/2020/00151,False
FY/2020/00148,False
FY/2020/00146,False
FY/2020/00145,False
FI/2020/00100,False
FM/2020/00208,False
FM/2020/00199,False
FM/2020/00220,False
FM/2020/00227,False
FI/2020/00088,False
FP/2020/03564,2020-04-01 08:30:47.280498
FP/2020/03158,False
FP/2020/03545,False
FP/2020/02988,False
FP/2020/02984,False
FI/2020/00094,False
FM/2020/00209,False
FM/2020/00232,False
FM/2020/00205,False
FP/2020/03152,False
FP/2020/03153,False
FP/2020/03534,False
FM/2020/00213,False
FM/2020/00218,False
FM/2020/00224,False
FM/2020/00233,False
FY/2020/00139,False
FM/2020/00196,False
FY/2020/00138,False
FY/2020/00143,False
FP/2020/02992,False
FM/2020/00193,False
FY/2020/00129,False
FY/2020/00149,False
FP/2020/03151,False
FI/2020/00090,False
FY/2020/00130,False
FY/2020/00150,False
FM/2020/00231,False
FP/2020/03172,False
FP/2020/03173,False
FP/2020/03169,False
FM/2020/00198,False
FM/2020/00200,False
FM/2020/00219,False
FI/2020/00105,False
FI/2020/00103,False
FI/2020/00101,False
FI/2020/00099,False
FY/2020/00128,False
FY/2020/00133,False
FY/2020/00141,False
FY/2020/00142,False
FY/2020/00140,False
FP/2020/02993,False
FP/2020/02995,False
FP/2020/02986,False
FP/2020/02985,False
FP/2020/03869,False
FP/2020/03868,False
FP/2020/03867,False
FP/2020/03866,False
FI/2020/00127,False
FM/2020/00236,False
S5017961168,False
FP/2020/03883,False
FP/2020/03864,False
FP/2020/03863,False
FP/2020/03862,False
FP/2020/03885,False
06017P50000499,2020-04-13 15:44:13.382244
FM/2020/00238,False
FI/2020/00138,False
FI/2020/00137,False
FI/2020/00136,False
FI/2020/00134,False
FI/2020/00135,False
FP/2020/03935,False
FI/2020/00139,False
FP/2020/03942,False
A/2020/00011,False
FP/2020/03938,False
FP/2020/03943,False
FP/2020/03937,False
FP/2020/03939,False
FP/2020/03940,False
FP/2020/03947,False
FP/2020/03948,False
FM/2020/00239,False
FP/2020/03944,False
FP/2020/03946,2020-04-14 11:40:12.281550
FP/2020/03951,False
FP/2020/03945,False
FM/2020/00240,False
FP/2020/03952,2020-03-17 15:26:15.277419
FP/2020/03998,False
FP/2020/03967,False
FM/2020/00245,False
FP/2020/03954,False
FI/2020/00144,False
FY/2020/00160,False
FI/2020/00143,False
FI/2020/00140,False
FP/2020/03997,False
FI/2020/00155,False
FP/2020/03959,False
FI/2020/00151,False
FI/2020/00154,False
FP/2020/04163,False
FI/2020/00141,False
FP/2020/03964,False
FI/2020/00153,False
FI/2020/00149,False
FI/2020/00142,False
FY/2020/00162,False
FI/2020/00152,False
FP/2020/03958,False
FP/2020/03957,False
FM/2020/00246,False
FM/2020/00248,False
FY/2020/00161,False
FP/2020/04160,False
FP/2020/03994,False
FP/2020/03960,False
FI/2020/00150,False
FP/2020/03962,False
FP/2020/03963,False
FI/2020/00145,False
FI/2020/00146,False
FI/2020/00147,False
FI/2020/00148,False
FP/2020/04162,False
FP/2020/04161,False
FM/2020/00250,False
FM/2020/00241,False
FY/2020/00179,False
FP/2020/04168,False
FY/2020/00177,False
FY/2020/00176,False
FP/2020/04175,False
FP/2020/04167,False
FP/2020/04169,False
FP/2020/04170,False
FY/2020/00178,False
FP/2020/04174,False
FP/2020/04166,False
FP/2020/04172,False
FP/2020/04173,False
FM/2020/00251,False
FY/2020/00175,False
FY/2020/00180,False
FI/2020/00158,False
FY/2020/00181,False
FY/2020/00183,False
FP/2020/04182,False
FP/2020/04183,False
FP/2020/04178,False
FP/2020/04180,False
FM/2020/00252,False
FP/2020/04181,False
FY/2020/00187,False
FY/2020/00185,False
FY/2020/00189,False
FY/2020/00190,False
FP/2020/04184,False
FY/2020/00188,False
FY/2020/00186,False
FY/2020/00184,False
FY/2020/00191,False
FP/2020/04189,False
FP/2020/04188,False
FP/2020/04187,False
FP/2020/04197,False
FP/2020/04195,False
FP/2020/04192,False
FP/2020/04191,False
FP/2020/04196,False
FP/2020/04194,False
FP/2020/04198,False
FI/2020/00159,False
FY/2020/00194,False
FY/2020/00193,False
FP/2020/04203,False
FP/2020/04201,False
FP/2020/04202,False
FY/2020/00192,False
FP/2020/04207,False
FY/2020/00195,False
FP/2020/04316,False
FP/2020/04317,False
FP/2020/04318,False
FP/2020/04319,False
FP/2020/04320,False
FP/2020/04321,False
FP/2020/04208,False
FP/2020/04211,False
FP/2020/04322,False
FP/2020/04323,False
S5017961169,False
FP/2020/04254,False
FP/2020/04231,False
FP/2020/04324,False
FP/2020/04325,False
FP/2020/04326,False
FP/2020/04327,False
FP/2020/04328,False
FP/2020/04293,False
FP/2020/04329,False
FP/2020/04330,False
FP/2020/04342,False
FP/2020/04240,False
FP/2020/04274,False
FP/2020/04234,False
FP/2020/04227,False
FP/2020/04217,False
FP/2020/04210,False
FP/2020/04209,False
FP/2020/04312,False
FP/2020/04275,False
FP/2020/04255,False
FP/2020/04332,False
FP/2020/04334,False
FP/2020/04335,False
FP/2020/04537,False
FP/2020/04423,False
FP/2020/04424,False
FP/2020/04348,False
FY/2020/00200,False
FP/2020/04290,False
FP/2020/04422,False
FY/2020/00201,False
FP/2020/04229,False
FP/2020/04339,False
FP/2020/04338,False
FP/2020/04311,False
FP/2020/04304,False
FP/2020/04297,False
FP/2020/04271,False
FM/2020/00260,False
FM/2020/00259,False
FM/2020/00256,False
FP/2020/04259,False
FP/2020/04258,False
FP/2020/04289,False
FP/2020/04285,False
FI/2020/00160,False
FP/2020/04246,False
FP/2020/04245,False
FP/2020/04238,False
FP/2020/04235,False
FP/2020/04226,False
FP/2020/04220,False
FP/2020/04218,False
FP/2020/04213,False
FI/2020/00165,False
FP/2020/04337,False
FP/2020/04276,False
FP/2020/04277,False
FP/2020/04214,False
FP/2020/04313,False
FP/2020/04314,False
FP/2020/04421,False
FP/2020/04280,False
FP/2020/04336,False
FP/2020/04256,False
FP/2020/04257,False
FP/2020/04315,False
FY/2020/00196,False
FP/2020/04352,False
FP/2020/04350,False
FP/2020/04345,False
FP/2020/04341,False
FP/2020/04269,False
FP/2020/04270,False
FP/2020/04279,False
FP/2020/04281,False
FP/2020/04282,False
FP/2020/04284,False
FP/2020/04286,False
FP/2020/04287,False
FP/2020/04288,False
FP/2020/04291,False
FP/2020/04292,False
FP/2020/04294,False
FP/2020/04295,False
FP/2020/04296,False
FP/2020/04298,False
FP/2020/04299,False
FP/2020/04300,False
FP/2020/04301,False
FP/2020/04302,False
FP/2020/04303,False
FP/2020/04305,False
FP/2020/04308,False
FP/2020/04309,False
FP/2020/04310,False
FP/2020/04331,False
FP/2020/04333,False
FI/2020/00173,False
FP/2020/04344,False
FP/2020/04346,False
FP/2020/04347,False
FP/2020/04349,False
FP/2020/04351,False
FP/2020/04353,False
FP/2020/04426,False
FP/2020/04236,False
FP/2020/04233,False
FP/2020/04225,False
FP/2020/04212,False
FP/2020/04206,False
FP/2020/04223,False
FP/2020/04340,False
FP/2020/04222,False
FP/2020/04221,False
FP/2020/04219,False
FP/2020/04420,False
FI/2020/00174,False
FP/2020/04232,False
FM/2020/00264,False
FM/2020/00265,False
FP/2020/04425,False
FP/2020/04343,False
FP/2020/04273,False
FY/2020/00199,False
FI/2020/00171,False
FP/2020/04205,False
FP/2020/04248,False
FI/2020/00166,False
FP/2020/04250,False
FP/2020/04228,False
FP/2020/04230,False
FI/2020/00168,False
FP/2020/04237,False
FI/2020/00172,False
FP/2020/04260,False
FP/2020/04261,False
FM/2020/00255,False
FP/2020/04239,False
FI/2020/00169,False
FP/2020/04262,False
FP/2020/04263,False
FP/2020/04264,False
FP/2020/04265,False
FP/2020/04266,False
FP/2020/04267,False
FP/2020/04268,False
FM/2020/00257,False
FM/2020/00262,False
FP/2020/04216,2020-04-13 09:13:40.245947
FM/2020/00261,False
FY/2020/00198,False
FY/2020/00197,False
FI/2020/00167,False
FI/2020/00164,False
FP/2020/04253,False
FP/2020/04252,False
FP/2020/04251,False
FP/2020/04249,False
FP/2020/04242,False
FP/2020/04241,False
FM/2020/00263,False
FM/2020/00258,False
FP/2020/04244,False
FP/2020/04215,False
FP/2020/04243,False
FI/2020/00170,False
FI/2020/00161,False
FP/2020/04224,False
FP/2020/04283,False
FI/2020/00162,False
FP/2020/04278,False
FP/2020/04306,False
FP/2020/04307,False
FP/2020/04692,False
FY/2020/00205,False
FM/2020/00268,False
A/2020/00017,False
FY/2020/00203,False
FY/2020/00204,False
FP/2020/04693,False
FP/2020/04695,False
FP/2020/04694,False
FP/2020/04697,False
FP/2020/04700,False
FP/2020/04727,False
FP/2020/05148,False
FP/2020/05150,False
FP/2020/05151,False
FP/2020/05166,False
FP/2020/05161,False
FP/2020/05162,False
FP/2020/05160,False
FP/2020/00415,False
FP/2020/01099,False
FP/2020/00416,False
FP/2020/00417,False
FP/2020/00418,False
FP/2020/00414,False
FP/2020/00419,False
FP/2020/00420,False
FP/2020/00421,False
FP/2020/00422,False
FP/2020/01098,False
FP/2020/01101,False
FP/2020/01100,False
FP/2020/02792,False
FP/2020/02786,False
FP/2020/02787,False
FP/2020/02788,False
FP/2020/02789,False
FP/2020/02791,False
FP/2020/02818,False
FP/2020/02819,False
FP/2020/02820,False
FP/2020/02790,False
FP/2020/03105,False
FP/2020/03104,False
FP/2020/03103,False
FP/2020/03102,False
FP/2020/03101,False
FP/2020/03100,False
FP/2020/03099,False
FP/2020/03098,False
FP/2020/03106,False
FP/2020/04676,False
FM/2020/00124,False
FP/2020/04051,False
FP/2020/00124,2020-02-05 11:25:59.531920
FP/2020/00094,2020-02-04 14:07:45.259559
FP/2020/00090,False
FM/2020/00062,False
FP/2020/00087,False
FP/2020/00088,False
FP/2020/00089,False
FP/2020/00093,2020-02-04 14:17:12.033985
FP/2020/00099,False
FP/2020/00098,2020-02-04 16:18:28.686044
FP/2020/00097,False
FP/2020/00096,2020-02-04 14:19:31.885419
FP/2020/00095,False
FP/2020/01722,False
FP/2020/02859,False
FM/2020/00127,False
FM/2020/00126,False
FM/2020/00125,False
FP/2020/01723,False
FP/2020/01721,False
FP/2020/01720,False
FP/2020/01719,False
FP/2020/01718,False
FP/2020/01717,False
FP/2020/01716,False
FP/2020/01715,False
FM/2020/00107,False
FP/2020/03865,False
FP/2020/03873,False
FP/2020/03870,False
FP/2020/03861,False
FM/2020/00237,False
FP/2020/00091,False
FP/2020/00086,False
FP/2020/01733,False
FP/2020/01732,False
FP/2020/01731,False
FP/2020/01730,False
FP/2020/01736,False
FP/2020/01735,False
FP/2020/03560,False
FP/2020/03561,False
FP/2020/03558,False
FP/2020/03559,False
FP/2020/00248,False
FP/2020/02040,False
FP/2020/00448,False
FP/2020/00450,False
FP/2020/00449,False
FP/2020/00443,False
FP/2020/00446,False
FP/2020/00444,False
FP/2020/00445,False
FP/2020/00447,False
FP/2020/01803,False
FP/2020/01807,False
FP/2020/01891,False
FP/2020/01806,False
FP/2020/01804,False
FP/2020/01805,False
FP/2020/01877,False
FM/2020/00128,False
FP/2020/01800,False
FP/2020/01801,False
FP/2020/01808,False
FP/2020/01802,False
FP/2020/03044,False
FP/2020/03040,False
FP/2020/03042,False
FP/2020/03043,False
FP/2020/03041,False
FP/2020/03039,False
FP/2020/00395,False
FP/2020/00394,False
FP/2020/00396,False
FP/2020/01090,False
FP/2020/01091,False
FP/2020/01092,False
FP/2020/01093,2020-02-11 11:13:09.279455
FP/2020/01884,False
FP/2020/01838,False
FP/2020/01839,False
FP/2020/01845,False
FP/2020/01842,False
FP/2020/01847,False
FP/2020/01846,False
FP/2020/01878,False
FP/2020/01849,False
FP/2020/01844,False
FP/2020/02856,False
FP/2020/01848,False
FP/2020/01840,False
FP/2020/01841,False
FP/2020/01882,False
FM/2020/00105,False
FM/2020/00104,2020-02-05 17:44:48.320835
FP/2020/03068,False
FP/2020/03073,False
FP/2020/03069,False
FP/2020/03071,False
FP/2020/03067,False
FP/2020/03074,False
FP/2020/03072,False
FP/2020/03952,False
FP/2020/03976,False
FP/2020/03975,False
FP/2020/02686,False
FP/2020/00041,False
FP/2020/01671,False
FM/2020/00136,False
FP/2020/02309,2020-02-04 16:16:53.086673
FP/2020/03889,False
FM/2020/00139,False
FP/2020/01752,False
FI/2020/00175,False
FP/2020/03010,False
FP/2020/02309,2020-02-04 16:16:53.086673
FP/2020/03876,False
FP/2020/02766,False
FP/2020/03009,False
FP/2020/00114,False
